{"cameraMode":{"drawMode":0,"name":"Shaded","section":"Shading Mode"},"sceneLighting":true,"audioPlay":false,"sceneViewState":{"m_AlwaysRefresh":false,"showFog":true,"showSkybox":true,"showFlares":true,"showImageEffects":true,"showParticleSystems":true,"showVisualEffectGraphs":true,"m_FxEnabled":true},"in2DMode":false,"pivot":{"x":-2.7458529472351076,"y":3.3532633781433107,"z":-1.3708527088165284},"rotation":{"x":-0.3734067380428314,"y":-0.6009355783462524,"z":0.37435999512672427,"w":-0.5994710922241211},"size":2.8484549522399904,"orthographic":false}